-- AUTO-GENERATED FILE. Source: /home/orhan/Documents/Projeler metadata + /home/orhan/Documents/Projeler/vps-guezel/Orhanguezel/README.md
-- Generated at 2026-04-06T18:12:50.930Z
SET NAMES utf8mb4 COLLATE utf8mb4_unicode_ci;
SET collation_connection = 'utf8mb4_unicode_ci';
SET time_zone = '+00:00';

START TRANSACTION;

SET @c1 := UUID();
INSERT INTO `skill_counters`
(`id`,`percent`,`image_url`,`image_asset_id`,`is_active`,`display_order`,`created_at`,`updated_at`)
VALUES
(@c1,98,'/assets/imgs/skills/skills-1/icon-1.png',NULL,1,10,NOW(3),NOW(3));

INSERT INTO `skill_counters_i18n`
(`id`,`counter_id`,`locale`,`title`,`slug`,`created_at`,`updated_at`)
VALUES
(UUID(),@c1,'en','MySQL','mysql',NOW(3),NOW(3));

INSERT INTO `skill_counters_i18n`
(`id`,`counter_id`,`locale`,`title`,`slug`,`created_at`,`updated_at`)
VALUES
(UUID(),@c1,'tr','MySQL','mysql',NOW(3),NOW(3));

INSERT INTO `skill_counters_i18n`
(`id`,`counter_id`,`locale`,`title`,`slug`,`created_at`,`updated_at`)
VALUES
(UUID(),@c1,'de','MySQL','mysql',NOW(3),NOW(3));

SET @c2 := UUID();
INSERT INTO `skill_counters`
(`id`,`percent`,`image_url`,`image_asset_id`,`is_active`,`display_order`,`created_at`,`updated_at`)
VALUES
(@c2,98,'/assets/imgs/skills/skills-1/icon-2.png',NULL,1,20,NOW(3),NOW(3));

INSERT INTO `skill_counters_i18n`
(`id`,`counter_id`,`locale`,`title`,`slug`,`created_at`,`updated_at`)
VALUES
(UUID(),@c2,'en','Next.js','next-js',NOW(3),NOW(3));

INSERT INTO `skill_counters_i18n`
(`id`,`counter_id`,`locale`,`title`,`slug`,`created_at`,`updated_at`)
VALUES
(UUID(),@c2,'tr','Next.js','next-js',NOW(3),NOW(3));

INSERT INTO `skill_counters_i18n`
(`id`,`counter_id`,`locale`,`title`,`slug`,`created_at`,`updated_at`)
VALUES
(UUID(),@c2,'de','Next.js','next-js',NOW(3),NOW(3));

SET @c3 := UUID();
INSERT INTO `skill_counters`
(`id`,`percent`,`image_url`,`image_asset_id`,`is_active`,`display_order`,`created_at`,`updated_at`)
VALUES
(@c3,98,'/assets/imgs/skills/skills-1/icon-3.png',NULL,1,30,NOW(3),NOW(3));

INSERT INTO `skill_counters_i18n`
(`id`,`counter_id`,`locale`,`title`,`slug`,`created_at`,`updated_at`)
VALUES
(UUID(),@c3,'en','Tailwind CSS','tailwind-css',NOW(3),NOW(3));

INSERT INTO `skill_counters_i18n`
(`id`,`counter_id`,`locale`,`title`,`slug`,`created_at`,`updated_at`)
VALUES
(UUID(),@c3,'tr','Tailwind CSS','tailwind-css',NOW(3),NOW(3));

INSERT INTO `skill_counters_i18n`
(`id`,`counter_id`,`locale`,`title`,`slug`,`created_at`,`updated_at`)
VALUES
(UUID(),@c3,'de','Tailwind CSS','tailwind-css',NOW(3),NOW(3));

SET @c4 := UUID();
INSERT INTO `skill_counters`
(`id`,`percent`,`image_url`,`image_asset_id`,`is_active`,`display_order`,`created_at`,`updated_at`)
VALUES
(@c4,98,'/assets/imgs/skills/skills-1/icon-4.png',NULL,1,40,NOW(3),NOW(3));

INSERT INTO `skill_counters_i18n`
(`id`,`counter_id`,`locale`,`title`,`slug`,`created_at`,`updated_at`)
VALUES
(UUID(),@c4,'en','TypeScript','typescript',NOW(3),NOW(3));

INSERT INTO `skill_counters_i18n`
(`id`,`counter_id`,`locale`,`title`,`slug`,`created_at`,`updated_at`)
VALUES
(UUID(),@c4,'tr','TypeScript','typescript',NOW(3),NOW(3));

INSERT INTO `skill_counters_i18n`
(`id`,`counter_id`,`locale`,`title`,`slug`,`created_at`,`updated_at`)
VALUES
(UUID(),@c4,'de','TypeScript','typescript',NOW(3),NOW(3));

SET @c5 := UUID();
INSERT INTO `skill_counters`
(`id`,`percent`,`image_url`,`image_asset_id`,`is_active`,`display_order`,`created_at`,`updated_at`)
VALUES
(@c5,98,'/assets/imgs/skills/skills-1/icon-5.png',NULL,1,50,NOW(3),NOW(3));

INSERT INTO `skill_counters_i18n`
(`id`,`counter_id`,`locale`,`title`,`slug`,`created_at`,`updated_at`)
VALUES
(UUID(),@c5,'en','Fastify','fastify',NOW(3),NOW(3));

INSERT INTO `skill_counters_i18n`
(`id`,`counter_id`,`locale`,`title`,`slug`,`created_at`,`updated_at`)
VALUES
(UUID(),@c5,'tr','Fastify','fastify',NOW(3),NOW(3));

INSERT INTO `skill_counters_i18n`
(`id`,`counter_id`,`locale`,`title`,`slug`,`created_at`,`updated_at`)
VALUES
(UUID(),@c5,'de','Fastify','fastify',NOW(3),NOW(3));

SET @c6 := UUID();
INSERT INTO `skill_counters`
(`id`,`percent`,`image_url`,`image_asset_id`,`is_active`,`display_order`,`created_at`,`updated_at`)
VALUES
(@c6,98,'/assets/imgs/skills/skills-1/icon-6.png',NULL,1,60,NOW(3),NOW(3));

INSERT INTO `skill_counters_i18n`
(`id`,`counter_id`,`locale`,`title`,`slug`,`created_at`,`updated_at`)
VALUES
(UUID(),@c6,'en','React','react',NOW(3),NOW(3));

INSERT INTO `skill_counters_i18n`
(`id`,`counter_id`,`locale`,`title`,`slug`,`created_at`,`updated_at`)
VALUES
(UUID(),@c6,'tr','React','react',NOW(3),NOW(3));

INSERT INTO `skill_counters_i18n`
(`id`,`counter_id`,`locale`,`title`,`slug`,`created_at`,`updated_at`)
VALUES
(UUID(),@c6,'de','React','react',NOW(3),NOW(3));

SET @c7 := UUID();
INSERT INTO `skill_counters`
(`id`,`percent`,`image_url`,`image_asset_id`,`is_active`,`display_order`,`created_at`,`updated_at`)
VALUES
(@c7,98,'/assets/imgs/skills/skills-1/icon-7.png',NULL,1,70,NOW(3),NOW(3));

INSERT INTO `skill_counters_i18n`
(`id`,`counter_id`,`locale`,`title`,`slug`,`created_at`,`updated_at`)
VALUES
(UUID(),@c7,'en','Radix UI','radix-ui',NOW(3),NOW(3));

INSERT INTO `skill_counters_i18n`
(`id`,`counter_id`,`locale`,`title`,`slug`,`created_at`,`updated_at`)
VALUES
(UUID(),@c7,'tr','Radix UI','radix-ui',NOW(3),NOW(3));

INSERT INTO `skill_counters_i18n`
(`id`,`counter_id`,`locale`,`title`,`slug`,`created_at`,`updated_at`)
VALUES
(UUID(),@c7,'de','Radix UI','radix-ui',NOW(3),NOW(3));

SET @l1 := UUID();
INSERT INTO `skill_logos`
(`id`,`track`,`image_url`,`image_asset_id`,`is_active`,`display_order`,`created_at`,`updated_at`)
VALUES
(@l1,'right','/assets/imgs/home-page-2/hero-1/icon-1.svg',NULL,1,10,NOW(3),NOW(3));

INSERT INTO `skill_logos_i18n` (`id`,`logo_id`,`locale`,`label`,`created_at`,`updated_at`) VALUES
(UUID(),@l1,'en','MySQL',NOW(3),NOW(3));

INSERT INTO `skill_logos_i18n` (`id`,`logo_id`,`locale`,`label`,`created_at`,`updated_at`) VALUES
(UUID(),@l1,'tr','MySQL',NOW(3),NOW(3));

INSERT INTO `skill_logos_i18n` (`id`,`logo_id`,`locale`,`label`,`created_at`,`updated_at`) VALUES
(UUID(),@l1,'de','MySQL',NOW(3),NOW(3));

SET @l2 := UUID();
INSERT INTO `skill_logos`
(`id`,`track`,`image_url`,`image_asset_id`,`is_active`,`display_order`,`created_at`,`updated_at`)
VALUES
(@l2,'left','/assets/imgs/home-page-2/hero-1/icon-2.svg',NULL,1,20,NOW(3),NOW(3));

INSERT INTO `skill_logos_i18n` (`id`,`logo_id`,`locale`,`label`,`created_at`,`updated_at`) VALUES
(UUID(),@l2,'en','Next.js',NOW(3),NOW(3));

INSERT INTO `skill_logos_i18n` (`id`,`logo_id`,`locale`,`label`,`created_at`,`updated_at`) VALUES
(UUID(),@l2,'tr','Next.js',NOW(3),NOW(3));

INSERT INTO `skill_logos_i18n` (`id`,`logo_id`,`locale`,`label`,`created_at`,`updated_at`) VALUES
(UUID(),@l2,'de','Next.js',NOW(3),NOW(3));

SET @l3 := UUID();
INSERT INTO `skill_logos`
(`id`,`track`,`image_url`,`image_asset_id`,`is_active`,`display_order`,`created_at`,`updated_at`)
VALUES
(@l3,'right','/assets/imgs/home-page-2/hero-1/icon-3.svg',NULL,1,30,NOW(3),NOW(3));

INSERT INTO `skill_logos_i18n` (`id`,`logo_id`,`locale`,`label`,`created_at`,`updated_at`) VALUES
(UUID(),@l3,'en','Tailwind CSS',NOW(3),NOW(3));

INSERT INTO `skill_logos_i18n` (`id`,`logo_id`,`locale`,`label`,`created_at`,`updated_at`) VALUES
(UUID(),@l3,'tr','Tailwind CSS',NOW(3),NOW(3));

INSERT INTO `skill_logos_i18n` (`id`,`logo_id`,`locale`,`label`,`created_at`,`updated_at`) VALUES
(UUID(),@l3,'de','Tailwind CSS',NOW(3),NOW(3));

SET @l4 := UUID();
INSERT INTO `skill_logos`
(`id`,`track`,`image_url`,`image_asset_id`,`is_active`,`display_order`,`created_at`,`updated_at`)
VALUES
(@l4,'left','/assets/imgs/home-page-2/hero-1/icon-4.svg',NULL,1,40,NOW(3),NOW(3));

INSERT INTO `skill_logos_i18n` (`id`,`logo_id`,`locale`,`label`,`created_at`,`updated_at`) VALUES
(UUID(),@l4,'en','TypeScript',NOW(3),NOW(3));

INSERT INTO `skill_logos_i18n` (`id`,`logo_id`,`locale`,`label`,`created_at`,`updated_at`) VALUES
(UUID(),@l4,'tr','TypeScript',NOW(3),NOW(3));

INSERT INTO `skill_logos_i18n` (`id`,`logo_id`,`locale`,`label`,`created_at`,`updated_at`) VALUES
(UUID(),@l4,'de','TypeScript',NOW(3),NOW(3));

SET @l5 := UUID();
INSERT INTO `skill_logos`
(`id`,`track`,`image_url`,`image_asset_id`,`is_active`,`display_order`,`created_at`,`updated_at`)
VALUES
(@l5,'right','/assets/imgs/home-page-2/hero-1/icon-5.svg',NULL,1,50,NOW(3),NOW(3));

INSERT INTO `skill_logos_i18n` (`id`,`logo_id`,`locale`,`label`,`created_at`,`updated_at`) VALUES
(UUID(),@l5,'en','Fastify',NOW(3),NOW(3));

INSERT INTO `skill_logos_i18n` (`id`,`logo_id`,`locale`,`label`,`created_at`,`updated_at`) VALUES
(UUID(),@l5,'tr','Fastify',NOW(3),NOW(3));

INSERT INTO `skill_logos_i18n` (`id`,`logo_id`,`locale`,`label`,`created_at`,`updated_at`) VALUES
(UUID(),@l5,'de','Fastify',NOW(3),NOW(3));

SET @l6 := UUID();
INSERT INTO `skill_logos`
(`id`,`track`,`image_url`,`image_asset_id`,`is_active`,`display_order`,`created_at`,`updated_at`)
VALUES
(@l6,'left','/assets/imgs/home-page-2/hero-1/icon-6.svg',NULL,1,60,NOW(3),NOW(3));

INSERT INTO `skill_logos_i18n` (`id`,`logo_id`,`locale`,`label`,`created_at`,`updated_at`) VALUES
(UUID(),@l6,'en','React',NOW(3),NOW(3));

INSERT INTO `skill_logos_i18n` (`id`,`logo_id`,`locale`,`label`,`created_at`,`updated_at`) VALUES
(UUID(),@l6,'tr','React',NOW(3),NOW(3));

INSERT INTO `skill_logos_i18n` (`id`,`logo_id`,`locale`,`label`,`created_at`,`updated_at`) VALUES
(UUID(),@l6,'de','React',NOW(3),NOW(3));

SET @l7 := UUID();
INSERT INTO `skill_logos`
(`id`,`track`,`image_url`,`image_asset_id`,`is_active`,`display_order`,`created_at`,`updated_at`)
VALUES
(@l7,'right','/assets/imgs/home-page-2/hero-1/icon-7.svg',NULL,1,70,NOW(3),NOW(3));

INSERT INTO `skill_logos_i18n` (`id`,`logo_id`,`locale`,`label`,`created_at`,`updated_at`) VALUES
(UUID(),@l7,'en','Radix UI',NOW(3),NOW(3));

INSERT INTO `skill_logos_i18n` (`id`,`logo_id`,`locale`,`label`,`created_at`,`updated_at`) VALUES
(UUID(),@l7,'tr','Radix UI',NOW(3),NOW(3));

INSERT INTO `skill_logos_i18n` (`id`,`logo_id`,`locale`,`label`,`created_at`,`updated_at`) VALUES
(UUID(),@l7,'de','Radix UI',NOW(3),NOW(3));

SET @l8 := UUID();
INSERT INTO `skill_logos`
(`id`,`track`,`image_url`,`image_asset_id`,`is_active`,`display_order`,`created_at`,`updated_at`)
VALUES
(@l8,'left','/assets/imgs/home-page-2/hero-1/icon-8.svg',NULL,1,80,NOW(3),NOW(3));

INSERT INTO `skill_logos_i18n` (`id`,`logo_id`,`locale`,`label`,`created_at`,`updated_at`) VALUES
(UUID(),@l8,'en','Zod',NOW(3),NOW(3));

INSERT INTO `skill_logos_i18n` (`id`,`logo_id`,`locale`,`label`,`created_at`,`updated_at`) VALUES
(UUID(),@l8,'tr','Zod',NOW(3),NOW(3));

INSERT INTO `skill_logos_i18n` (`id`,`logo_id`,`locale`,`label`,`created_at`,`updated_at`) VALUES
(UUID(),@l8,'de','Zod',NOW(3),NOW(3));

SET @l9 := UUID();
INSERT INTO `skill_logos`
(`id`,`track`,`image_url`,`image_asset_id`,`is_active`,`display_order`,`created_at`,`updated_at`)
VALUES
(@l9,'right','/assets/imgs/home-page-2/hero-1/icon-9.svg',NULL,1,90,NOW(3),NOW(3));

INSERT INTO `skill_logos_i18n` (`id`,`logo_id`,`locale`,`label`,`created_at`,`updated_at`) VALUES
(UUID(),@l9,'en','Zustand',NOW(3),NOW(3));

INSERT INTO `skill_logos_i18n` (`id`,`logo_id`,`locale`,`label`,`created_at`,`updated_at`) VALUES
(UUID(),@l9,'tr','Zustand',NOW(3),NOW(3));

INSERT INTO `skill_logos_i18n` (`id`,`logo_id`,`locale`,`label`,`created_at`,`updated_at`) VALUES
(UUID(),@l9,'de','Zustand',NOW(3),NOW(3));

SET @l10 := UUID();
INSERT INTO `skill_logos`
(`id`,`track`,`image_url`,`image_asset_id`,`is_active`,`display_order`,`created_at`,`updated_at`)
VALUES
(@l10,'left','/assets/imgs/home-page-2/hero-1/icon-1.svg',NULL,1,100,NOW(3),NOW(3));

INSERT INTO `skill_logos_i18n` (`id`,`logo_id`,`locale`,`label`,`created_at`,`updated_at`) VALUES
(UUID(),@l10,'en','Bun',NOW(3),NOW(3));

INSERT INTO `skill_logos_i18n` (`id`,`logo_id`,`locale`,`label`,`created_at`,`updated_at`) VALUES
(UUID(),@l10,'tr','Bun',NOW(3),NOW(3));

INSERT INTO `skill_logos_i18n` (`id`,`logo_id`,`locale`,`label`,`created_at`,`updated_at`) VALUES
(UUID(),@l10,'de','Bun',NOW(3),NOW(3));

SET @l11 := UUID();
INSERT INTO `skill_logos`
(`id`,`track`,`image_url`,`image_asset_id`,`is_active`,`display_order`,`created_at`,`updated_at`)
VALUES
(@l11,'right','/assets/imgs/home-page-2/hero-1/icon-2.svg',NULL,1,110,NOW(3),NOW(3));

INSERT INTO `skill_logos_i18n` (`id`,`logo_id`,`locale`,`label`,`created_at`,`updated_at`) VALUES
(UUID(),@l11,'en','Drizzle ORM',NOW(3),NOW(3));

INSERT INTO `skill_logos_i18n` (`id`,`logo_id`,`locale`,`label`,`created_at`,`updated_at`) VALUES
(UUID(),@l11,'tr','Drizzle ORM',NOW(3),NOW(3));

INSERT INTO `skill_logos_i18n` (`id`,`logo_id`,`locale`,`label`,`created_at`,`updated_at`) VALUES
(UUID(),@l11,'de','Drizzle ORM',NOW(3),NOW(3));

SET @l12 := UUID();
INSERT INTO `skill_logos`
(`id`,`track`,`image_url`,`image_asset_id`,`is_active`,`display_order`,`created_at`,`updated_at`)
VALUES
(@l12,'left','/assets/imgs/home-page-2/hero-1/icon-3.svg',NULL,1,120,NOW(3),NOW(3));

INSERT INTO `skill_logos_i18n` (`id`,`logo_id`,`locale`,`label`,`created_at`,`updated_at`) VALUES
(UUID(),@l12,'en','JWT',NOW(3),NOW(3));

INSERT INTO `skill_logos_i18n` (`id`,`logo_id`,`locale`,`label`,`created_at`,`updated_at`) VALUES
(UUID(),@l12,'tr','JWT',NOW(3),NOW(3));

INSERT INTO `skill_logos_i18n` (`id`,`logo_id`,`locale`,`label`,`created_at`,`updated_at`) VALUES
(UUID(),@l12,'de','JWT',NOW(3),NOW(3));

COMMIT;
